{
    "loss": 32.7191276550293,
    "accuracy": 0.5467625856399536
}