{
    "loss": 22.62866973876953,
    "accuracy": 0.5035971403121948
}